alpha,s_small (h),s_large (h),E[S] (h),mu (jobs/h),rho,Wq (h),Throughput (jobs/wk)
0.0,72.0,5.0,51.9,0.01927,0.6,52.548,0.77
0.5,48.0,4.29,34.886,0.02867,0.4033,15.677,1.15
1.0,36.0,3.75,26.325,0.03799,0.3043,7.573,1.52
2.0,24.0,3.0,17.7,0.0565,0.2046,2.95,2.26
3.0,18.0,2.5,13.35,0.07491,0.1543,1.563,3.0
5.0,12.0,1.87,8.962,0.11158,0.1036,0.657,4.46
8.0,8.0,1.36,6.009,0.16641,0.0695,0.282,6.66
10.0,6.55,1.15,4.928,0.20292,0.057,0.186,8.12
