lambda / mu_0,lambda (jobs/h),alpha_critical,s_small at crit (h),E[S] at crit (h),Already stable (alpha=0)
0.5,0.00963,0.0,72.0,51.9,Yes
0.8,0.01541,0.0,72.0,51.9,Yes
1.0,0.01927,0.0,72.0,51.9,Yes
1.2,0.02312,0.204,59.78,43.25,No
1.5,0.0289,0.513,47.6,34.6,No
2.0,0.03854,1.03,35.48,25.95,No
3.0,0.0578,2.071,23.45,17.3,No
5.0,0.09634,4.168,13.93,10.38,No
